GROUP,PACKAGE,CLASS,INSTRUCTION_MISSED,INSTRUCTION_COVERED,BRANCH_MISSED,BRANCH_COVERED,LINE_MISSED,LINE_COVERED,COMPLEXITY_MISSED,COMPLEXITY_COVERED,METHOD_MISSED,METHOD_COVERED
excel-object-mapper,com.common.component.parser_eom.util,ReflectionUtils,23,142,6,12,5,26,7,6,1,3
excel-object-mapper,com.common.component.parser_eom.converter,DateTypeConverter,0,48,0,8,0,14,0,6,0,2
excel-object-mapper,com.common.component.parser_eom.converter,DoubleTypeConverter,7,27,1,7,2,10,1,5,0,2
excel-object-mapper,com.common.component.parser_eom.converter,BooleanTypeConverter,5,50,1,11,3,17,1,7,0,2
excel-object-mapper,com.common.component.parser_eom.converter,TypeConverters,3,80,0,2,1,15,1,3,1,2
excel-object-mapper,com.common.component.parser_eom.converter,FloatTypeConverter,7,27,1,7,2,10,1,5,0,2
excel-object-mapper,com.common.component.parser_eom.converter,IntegerTypeConverter,2,32,1,7,1,11,1,5,0,2
excel-object-mapper,com.common.component.parser_eom.converter,StringTypeConverter,0,12,0,2,0,4,0,3,0,2
excel-object-mapper,com.common.component.parser_eom,ParserExOM.new EachFieldCallback() {...},0,28,0,0,0,3,0,2,0,2
excel-object-mapper,com.common.component.parser_eom,ParserExOM.new EachFieldCallback() {...},2,28,1,1,1,5,1,2,0,2
excel-object-mapper,com.common.component.parser_eom,ParserExOM,48,226,9,21,6,56,8,19,0,11
excel-object-mapper,com.common.component.excel.write,WriteToExcel,3,147,1,7,1,38,2,6,1,3
